0000001186,scans,0000000052,DataLength
"header",0000000032,"lines"
"Date",11/05/2016,"Time",12:30:15 PM
"ID","HAL 7 IDP LOW ENERGY #13740","Version",3
"Scans",1
"Scan ID","Mode","Input","Scanned","Start","Stop","Increment","Dwell","Settle","RS","RelSEM"
"Scan 1","+ion SIMS","SEM","mass",0.40,30.00,0.05,100.000,100.000%,1.000000,1.000000,
"Environment",
"Global","+ion SIMS"
"1st-dynode",-2500,"V"
"CRV_range",7,"c/s"
"CRV_resolution",6,"bits"
"F1",0,"( 1 = on, 0 = off )"
"F2",0,"( 1 = on, 0 = off )"
"cage",0.0,"V"
"delta-m",0,"%"
"discriminator",-10,"%"
"electron-energy",70.0,"V"
"emission",20.000,"uA"
"energy",0.35,"V"
"extractor",2,"V"
"focus",-117,"V"
"gate_delay",0.1,"uS"
"gate_width",0.0,"uS"
"gating",0,"( 1 = on, 0 = off )"
"gating_invert",0,"( 0 = normal, 1 = invert)"
"lens",-99,"V"
"mass",1.00,"amu"
"mode-change-delay",1000,"ms"
"multiplier",1800,"V"
"resolution",0,"%"
"suppressor",-200,"V"
"Data",1
"Cycle","Time","ms","mass amu","SEM c/s"
0000000001,00:00:00,0000000001,    0.40,       410
0000000001,00:00:00,0000000001,    0.45,       450
0000000001,00:00:00,0000000001,    0.50,       660
0000000001,00:00:00,0000000001,    0.55,      1110
0000000001,00:00:00,0000000001,    0.60,      2800
0000000001,00:00:00,0000000001,    0.65,      6110
0000000001,00:00:00,0000000001,    0.70,     11650
0000000001,00:00:00,0000000001,    0.75,     16760
0000000001,00:00:00,0000000001,    0.80,     13690
0000000001,00:00:00,0000000001,    0.85,     13460
0000000001,00:00:00,0000000001,    0.90,     48050
0000000001,00:00:00,0000000001,    0.95,     83310
0000000001,00:00:00,0000000001,    1.00,     95490
0000000001,00:00:00,0000000001,    1.05,     72310
0000000001,00:00:00,0000000001,    1.10,     70060
0000000001,00:00:00,0000000001,    1.15,     72660
0000000001,00:00:00,0000000001,    1.20,     89070
0000000001,00:00:00,0000000001,    1.25,    112270
0000000001,00:00:00,0000000001,    1.30,    157620
0000000001,00:00:00,0000000001,    1.35,    202700
0000000001,00:00:00,0000000001,    1.40,    278250
0000000001,00:00:00,0000000001,    1.45,    318440
0000000001,00:00:00,0000000001,    1.50,    357880
0000000001,00:00:00,0000000001,    1.55,    409080
0000000001,00:00:00,0000000001,    1.60,    442200
0000000001,00:00:00,0000000001,    1.65,    457260
0000000001,00:00:00,0000000001,    1.70,    463830
0000000001,00:00:00,0000000001,    1.75,    487230
0000000001,00:00:00,0000000001,    1.80,    513270
0000000001,00:00:00,0000000001,    1.85,    562690
0000000001,00:00:00,0000000001,    1.90,    585780
0000000001,00:00:00,0000000001,    1.95,    600170
0000000001,00:00:00,0000000001,    2.00,    594600
0000000001,00:00:00,0000000001,    2.05,    599530
0000000001,00:00:00,0000000001,    2.10,    551760
0000000001,00:00:00,0000000001,    2.15,    510200
0000000001,00:00:00,0000000001,    2.20,    312830
0000000001,00:00:00,0000000001,    2.25,    182510
0000000001,00:00:00,0000000001,    2.30,    183170
0000000001,00:00:00,0000000001,    2.35,    214280
0000000001,00:00:00,0000000001,    2.40,    243420
0000000001,00:00:00,0000000001,    2.45,    256620
0000000001,00:00:00,0000000001,    2.50,    247990
0000000001,00:00:00,0000000001,    2.55,    256130
0000000001,00:00:00,0000000001,    2.60,    262260
0000000001,00:00:00,0000000001,    2.65,    277730
0000000001,00:00:00,0000000001,    2.70,    291660
0000000001,00:00:00,0000000001,    2.75,    314450
0000000001,00:00:00,0000000001,    2.80,    339450
0000000001,00:00:00,0000000001,    2.85,    352270
0000000001,00:00:00,0000000001,    2.90,    350260
0000000001,00:00:00,0000000001,    2.95,    339500
0000000001,00:00:00,0000000001,    3.00,    335990
0000000001,00:00:00,0000000001,    3.05,    327000
0000000001,00:00:00,0000000001,    3.10,    302860
0000000001,00:00:00,0000000001,    3.15,    267330
0000000001,00:00:00,0000000001,    3.20,    178250
0000000001,00:00:00,0000000001,    3.25,     42360
0000000001,00:00:00,0000000001,    3.30,     14040
0000000001,00:00:00,0000000001,    3.35,      5730
0000000001,00:00:00,0000000001,    3.40,      2410
0000000001,00:00:00,0000000001,    3.45,      1080
0000000001,00:00:00,0000000001,    3.50,       370
0000000001,00:00:00,0000000001,    3.55,       340
0000000001,00:00:00,0000000001,    3.60,       320
0000000001,00:00:00,0000000001,    3.65,       300
0000000001,00:00:00,0000000001,    3.70,       280
0000000001,00:00:00,0000000001,    3.75,       310
0000000001,00:00:00,0000000001,    3.80,       220
0000000001,00:00:00,0000000001,    3.85,       260
0000000001,00:00:00,0000000001,    3.90,       250
0000000001,00:00:00,0000000001,    3.95,       290
0000000001,00:00:00,0000000001,    4.00,       250
0000000001,00:00:00,0000000001,    4.05,       250
0000000001,00:00:00,0000000001,    4.10,       260
0000000001,00:00:00,0000000001,    4.15,       160
0000000001,00:00:00,0000000001,    4.20,       140
0000000001,00:00:00,0000000001,    4.25,        90
0000000001,00:00:00,0000000001,    4.30,        80
0000000001,00:00:00,0000000001,    4.35,       110
0000000001,00:00:00,0000000001,    4.40,       150
0000000001,00:00:00,0000000001,    4.45,       200
0000000001,00:00:00,0000000001,    4.50,        80
0000000001,00:00:00,0000000001,    4.55,       100
0000000001,00:00:00,0000000001,    4.60,        90
0000000001,00:00:00,0000000001,    4.65,        60
0000000001,00:00:00,0000000001,    4.70,       120
0000000001,00:00:00,0000000001,    4.75,       180
0000000001,00:00:00,0000000001,    4.80,       160
0000000001,00:00:00,0000000001,    4.85,       120
0000000001,00:00:00,0000000001,    4.90,        90
0000000001,00:00:00,0000000001,    4.95,        60
0000000001,00:00:00,0000000001,    5.00,        90
0000000001,00:00:00,0000000001,    5.05,        90
0000000001,00:00:00,0000000001,    5.10,        50
0000000001,00:00:00,0000000001,    5.15,       120
0000000001,00:00:00,0000000001,    5.20,        70
0000000001,00:00:00,0000000001,    5.25,       130
0000000001,00:00:00,0000000001,    5.30,       130
0000000001,00:00:00,0000000001,    5.35,        90
0000000001,00:00:00,0000000001,    5.40,       120
0000000001,00:00:00,0000000001,    5.45,       100
0000000001,00:00:00,0000000001,    5.50,        40
0000000001,00:00:00,0000000001,    5.55,       110
0000000001,00:00:00,0000000001,    5.60,        70
0000000001,00:00:00,0000000001,    5.65,       100
0000000001,00:00:00,0000000001,    5.70,       100
0000000001,00:00:00,0000000001,    5.75,        60
0000000001,00:00:00,0000000001,    5.80,        90
0000000001,00:00:00,0000000001,    5.85,       120
0000000001,00:00:00,0000000001,    5.90,        80
0000000001,00:00:00,0000000001,    5.95,        90
0000000001,00:00:00,0000000001,    6.00,        90
0000000001,00:00:00,0000000001,    6.05,        70
0000000001,00:00:00,0000000001,    6.10,       140
0000000001,00:00:00,0000000001,    6.15,        70
0000000001,00:00:00,0000000001,    6.20,        80
0000000001,00:00:00,0000000001,    6.25,       100
0000000001,00:00:00,0000000001,    6.30,        90
0000000001,00:00:00,0000000001,    6.35,       120
0000000001,00:00:00,0000000001,    6.40,        30
0000000001,00:00:00,0000000001,    6.45,       110
0000000001,00:00:00,0000000001,    6.50,       110
0000000001,00:00:00,0000000001,    6.55,       100
0000000001,00:00:00,0000000001,    6.60,       110
0000000001,00:00:00,0000000001,    6.65,       210
0000000001,00:00:00,0000000001,    6.70,       120
0000000001,00:00:00,0000000001,    6.75,       110
0000000001,00:00:00,0000000001,    6.80,        80
0000000001,00:00:00,0000000001,    6.85,       100
0000000001,00:00:00,0000000001,    6.90,        60
0000000001,00:00:00,0000000001,    6.95,       160
0000000001,00:00:00,0000000001,    7.00,       110
0000000001,00:00:00,0000000001,    7.05,        70
0000000001,00:00:00,0000000001,    7.10,       110
0000000001,00:00:00,0000000001,    7.15,       130
0000000001,00:00:00,0000000001,    7.20,       150
0000000001,00:00:00,0000000001,    7.25,       150
0000000001,00:00:00,0000000001,    7.30,        70
0000000001,00:00:00,0000000001,    7.35,       120
0000000001,00:00:00,0000000001,    7.40,       190
0000000001,00:00:00,0000000001,    7.45,       130
0000000001,00:00:00,0000000001,    7.50,       100
0000000001,00:00:00,0000000001,    7.55,        90
0000000001,00:00:00,0000000001,    7.60,       150
0000000001,00:00:00,0000000001,    7.65,       100
0000000001,00:00:00,0000000001,    7.70,       110
0000000001,00:00:00,0000000001,    7.75,        70
0000000001,00:00:00,0000000001,    7.80,        80
0000000001,00:00:00,0000000001,    7.85,        80
0000000001,00:00:00,0000000001,    7.90,       170
0000000001,00:00:00,0000000001,    7.95,       110
0000000001,00:00:00,0000000001,    8.00,       150
0000000001,00:00:00,0000000001,    8.05,       150
0000000001,00:00:00,0000000001,    8.10,        60
0000000001,00:00:00,0000000001,    8.15,       130
0000000001,00:00:00,0000000001,    8.20,       110
0000000001,00:00:00,0000000001,    8.25,       110
0000000001,00:00:00,0000000001,    8.30,       120
0000000001,00:00:00,0000000001,    8.35,       100
0000000001,00:00:00,0000000001,    8.40,       100
0000000001,00:00:00,0000000001,    8.45,       130
0000000001,00:00:00,0000000001,    8.50,        60
0000000001,00:00:00,0000000001,    8.55,        90
0000000001,00:00:00,0000000001,    8.60,       120
0000000001,00:00:00,0000000001,    8.65,       110
0000000001,00:00:00,0000000001,    8.70,       100
0000000001,00:00:00,0000000001,    8.75,       120
0000000001,00:00:00,0000000001,    8.80,       120
0000000001,00:00:00,0000000001,    8.85,        80
0000000001,00:00:00,0000000001,    8.90,       120
0000000001,00:00:00,0000000001,    8.95,        90
0000000001,00:00:00,0000000001,    9.00,       140
0000000001,00:00:00,0000000001,    9.05,       110
0000000001,00:00:00,0000000001,    9.10,       100
0000000001,00:00:00,0000000001,    9.15,        80
0000000001,00:00:00,0000000001,    9.20,       100
0000000001,00:00:00,0000000001,    9.25,       110
0000000001,00:00:00,0000000001,    9.30,       140
0000000001,00:00:00,0000000001,    9.35,        80
0000000001,00:00:00,0000000001,    9.40,       130
0000000001,00:00:00,0000000001,    9.45,        80
0000000001,00:00:00,0000000001,    9.50,        60
0000000001,00:00:00,0000000001,    9.55,       100
0000000001,00:00:00,0000000001,    9.60,        50
0000000001,00:00:00,0000000001,    9.65,        80
0000000001,00:00:00,0000000001,    9.70,       150
0000000001,00:00:00,0000000001,    9.75,       150
0000000001,00:00:00,0000000001,    9.80,       100
0000000001,00:00:00,0000000001,    9.85,        90
0000000001,00:00:00,0000000001,    9.90,        70
0000000001,00:00:00,0000000001,    9.95,       140
0000000001,00:00:00,0000000001,   10.00,       140
0000000001,00:00:00,0000000001,   10.05,       110
0000000001,00:00:00,0000000001,   10.10,        70
0000000001,00:00:00,0000000001,   10.15,        80
0000000001,00:00:00,0000000001,   10.20,       120
0000000001,00:00:00,0000000001,   10.25,       170
0000000001,00:00:00,0000000001,   10.30,       110
0000000001,00:00:00,0000000001,   10.35,       100
0000000001,00:00:00,0000000001,   10.40,       110
0000000001,00:00:00,0000000001,   10.45,        80
0000000001,00:00:00,0000000001,   10.50,       170
0000000001,00:00:00,0000000001,   10.55,        70
0000000001,00:00:00,0000000001,   10.60,        50
0000000001,00:00:00,0000000001,   10.65,       150
0000000001,00:00:00,0000000001,   10.70,        80
0000000001,00:00:00,0000000001,   10.75,        90
0000000001,00:00:00,0000000001,   10.80,       170
0000000001,00:00:00,0000000001,   10.85,       110
0000000001,00:00:00,0000000001,   10.90,        60
0000000001,00:00:00,0000000001,   10.95,       100
0000000001,00:00:00,0000000001,   11.00,       110
0000000001,00:00:00,0000000001,   11.05,       100
0000000001,00:00:00,0000000001,   11.10,       120
0000000001,00:00:00,0000000001,   11.15,       110
0000000001,00:00:00,0000000001,   11.20,        80
0000000001,00:00:00,0000000001,   11.25,       100
0000000001,00:00:00,0000000001,   11.30,       100
0000000001,00:00:00,0000000001,   11.35,        40
0000000001,00:00:00,0000000001,   11.40,        70
0000000001,00:00:00,0000000001,   11.45,       140
0000000001,00:00:00,0000000001,   11.50,        80
0000000001,00:00:00,0000000001,   11.55,       110
0000000001,00:00:00,0000000001,   11.60,        90
0000000001,00:00:00,0000000001,   11.65,       110
0000000001,00:00:00,0000000001,   11.70,       110
0000000001,00:00:00,0000000001,   11.75,       120
0000000001,00:00:00,0000000001,   11.80,       200
0000000001,00:00:00,0000000001,   11.85,        90
0000000001,00:00:00,0000000001,   11.90,        90
0000000001,00:00:00,0000000001,   11.95,       170
0000000001,00:00:00,0000000001,   12.00,       120
0000000001,00:00:00,0000000001,   12.05,        90
0000000001,00:00:00,0000000001,   12.10,       100
0000000001,00:00:00,0000000001,   12.15,       100
0000000001,00:00:00,0000000001,   12.20,       160
0000000001,00:00:00,0000000001,   12.25,       130
0000000001,00:00:00,0000000001,   12.30,        90
0000000001,00:00:00,0000000001,   12.35,       120
0000000001,00:00:00,0000000001,   12.40,       150
0000000001,00:00:00,0000000001,   12.45,       120
0000000001,00:00:00,0000000001,   12.50,       140
0000000001,00:00:00,0000000001,   12.55,        70
0000000001,00:00:00,0000000001,   12.60,       150
0000000001,00:00:00,0000000001,   12.65,       160
0000000001,00:00:00,0000000001,   12.70,       220
0000000001,00:00:00,0000000001,   12.75,       140
0000000001,00:00:00,0000000001,   12.80,       190
0000000001,00:00:00,0000000001,   12.85,       250
0000000001,00:00:00,0000000001,   12.90,        80
0000000001,00:00:00,0000000001,   12.95,       210
0000000001,00:00:00,0000000001,   13.00,       290
0000000001,00:00:00,0000000001,   13.05,       340
0000000001,00:00:00,0000000001,   13.10,       440
0000000001,00:00:00,0000000001,   13.15,       560
0000000001,00:00:00,0000000001,   13.20,       800
0000000001,00:00:00,0000000001,   13.25,      1110
0000000001,00:00:00,0000000001,   13.30,      1940
0000000001,00:00:00,0000000001,   13.35,      2950
0000000001,00:00:00,0000000001,   13.40,      6120
0000000001,00:00:00,0000000001,   13.45,      8970
0000000001,00:00:00,0000000001,   13.50,     12650
0000000001,00:00:00,0000000001,   13.55,     14580
0000000001,00:00:00,0000000001,   13.60,     17540
0000000001,00:00:00,0000000001,   13.65,     20730
0000000001,00:00:00,0000000001,   13.70,     21680
0000000001,00:00:00,0000000001,   13.75,     22980
0000000001,00:00:00,0000000001,   13.80,     25460
0000000001,00:00:00,0000000001,   13.85,     26190
0000000001,00:00:00,0000000001,   13.90,     28460
0000000001,00:00:00,0000000001,   13.95,     27450
0000000001,00:00:00,0000000001,   14.00,     27760
0000000001,00:00:00,0000000001,   14.05,     27060
0000000001,00:00:00,0000000001,   14.10,     27330
0000000001,00:00:00,0000000001,   14.15,     30050
0000000001,00:00:00,0000000001,   14.20,     27780
0000000001,00:00:00,0000000001,   14.25,     27470
0000000001,00:00:00,0000000001,   14.30,     24470
0000000001,00:00:00,0000000001,   14.35,     16620
0000000001,00:00:00,0000000001,   14.40,      7600
0000000001,00:00:00,0000000001,   14.45,      4390
0000000001,00:00:00,0000000001,   14.50,      5010
0000000001,00:00:00,0000000001,   14.55,      5770
0000000001,00:00:00,0000000001,   14.60,      6900
0000000001,00:00:00,0000000001,   14.65,      8110
0000000001,00:00:00,0000000001,   14.70,      8600
0000000001,00:00:00,0000000001,   14.75,      9020
0000000001,00:00:00,0000000001,   14.80,     10210
0000000001,00:00:00,0000000001,   14.85,     10040
0000000001,00:00:00,0000000001,   14.90,     10910
0000000001,00:00:00,0000000001,   14.95,     11510
0000000001,00:00:00,0000000001,   15.00,     11320
0000000001,00:00:00,0000000001,   15.05,     11400
0000000001,00:00:00,0000000001,   15.10,     11520
0000000001,00:00:00,0000000001,   15.15,     12350
0000000001,00:00:00,0000000001,   15.20,     12860
0000000001,00:00:00,0000000001,   15.25,     13150
0000000001,00:00:00,0000000001,   15.30,     13780
0000000001,00:00:00,0000000001,   15.35,     16380
0000000001,00:00:00,0000000001,   15.40,     20210
0000000001,00:00:00,0000000001,   15.45,     29010
0000000001,00:00:00,0000000001,   15.50,     40020
0000000001,00:00:00,0000000001,   15.55,     54840
0000000001,00:00:00,0000000001,   15.60,     62380
0000000001,00:00:00,0000000001,   15.65,     77620
0000000001,00:00:00,0000000001,   15.70,     81990
0000000001,00:00:00,0000000001,   15.75,     91620
0000000001,00:00:00,0000000001,   15.80,     94210
0000000001,00:00:00,0000000001,   15.85,    105840
0000000001,00:00:00,0000000001,   15.90,    106400
0000000001,00:00:00,0000000001,   15.95,    117660
0000000001,00:00:00,0000000001,   16.00,    108560
0000000001,00:00:00,0000000001,   16.05,    115490
0000000001,00:00:00,0000000001,   16.10,    110560
0000000001,00:00:00,0000000001,   16.15,    119750
0000000001,00:00:00,0000000001,   16.20,    123630
0000000001,00:00:00,0000000001,   16.25,    124590
0000000001,00:00:00,0000000001,   16.30,    127650
0000000001,00:00:00,0000000001,   16.35,    135090
0000000001,00:00:00,0000000001,   16.40,    132630
0000000001,00:00:00,0000000001,   16.45,    163470
0000000001,00:00:00,0000000001,   16.50,    211690
0000000001,00:00:00,0000000001,   16.55,    281950
0000000001,00:00:00,0000000001,   16.60,    347640
0000000001,00:00:00,0000000001,   16.65,    403750
0000000001,00:00:00,0000000001,   16.70,    462540
0000000001,00:00:00,0000000001,   16.75,    516650
0000000001,00:00:00,0000000001,   16.80,    551770
0000000001,00:00:00,0000000001,   16.85,    562000
0000000001,00:00:00,0000000001,   16.90,    603460
0000000001,00:00:00,0000000001,   16.95,    620040
0000000001,00:00:00,0000000001,   17.00,    617060
0000000001,00:00:00,0000000001,   17.05,    624300
0000000001,00:00:00,0000000001,   17.10,    660650
0000000001,00:00:00,0000000001,   17.15,    608260
0000000001,00:00:00,0000000001,   17.20,    659720
0000000001,00:00:00,0000000001,   17.25,    603170
0000000001,00:00:00,0000000001,   17.30,    606800
0000000001,00:00:00,0000000001,   17.35,    561950
0000000001,00:00:00,0000000001,   17.40,    420650
0000000001,00:00:00,0000000001,   17.45,    217360
0000000001,00:00:00,0000000001,   17.50,    109890
0000000001,00:00:00,0000000001,   17.55,     85120
0000000001,00:00:00,0000000001,   17.60,     86920
0000000001,00:00:00,0000000001,   17.65,     98080
0000000001,00:00:00,0000000001,   17.70,    103680
0000000001,00:00:00,0000000001,   17.75,    118880
0000000001,00:00:00,0000000001,   17.80,    124350
0000000001,00:00:00,0000000001,   17.85,    137370
0000000001,00:00:00,0000000001,   17.90,    141510
0000000001,00:00:00,0000000001,   17.95,    147190
0000000001,00:00:00,0000000001,   18.00,    149170
0000000001,00:00:00,0000000001,   18.05,    146950
0000000001,00:00:00,0000000001,   18.10,    152770
0000000001,00:00:00,0000000001,   18.15,    147840
0000000001,00:00:00,0000000001,   18.20,    157690
0000000001,00:00:00,0000000001,   18.25,    147880
0000000001,00:00:00,0000000001,   18.30,    146240
0000000001,00:00:00,0000000001,   18.35,    130770
0000000001,00:00:00,0000000001,   18.40,    106670
0000000001,00:00:00,0000000001,   18.45,     55990
0000000001,00:00:00,0000000001,   18.50,     25240
0000000001,00:00:00,0000000001,   18.55,     11620
0000000001,00:00:00,0000000001,   18.60,     10000
0000000001,00:00:00,0000000001,   18.65,      8420
0000000001,00:00:00,0000000001,   18.70,      9330
0000000001,00:00:00,0000000001,   18.75,      9940
0000000001,00:00:00,0000000001,   18.80,     11090
0000000001,00:00:00,0000000001,   18.85,     10080
0000000001,00:00:00,0000000001,   18.90,     11250
0000000001,00:00:00,0000000001,   18.95,     11010
0000000001,00:00:00,0000000001,   19.00,     11730
0000000001,00:00:00,0000000001,   19.05,     12580
0000000001,00:00:00,0000000001,   19.10,     11900
0000000001,00:00:00,0000000001,   19.15,     11610
0000000001,00:00:00,0000000001,   19.20,     11860
0000000001,00:00:00,0000000001,   19.25,     12310
0000000001,00:00:00,0000000001,   19.30,     11300
0000000001,00:00:00,0000000001,   19.35,     10440
0000000001,00:00:00,0000000001,   19.40,      8060
0000000001,00:00:00,0000000001,   19.45,      3600
0000000001,00:00:00,0000000001,   19.50,      1180
0000000001,00:00:00,0000000001,   19.55,       540
0000000001,00:00:00,0000000001,   19.60,       320
0000000001,00:00:00,0000000001,   19.65,       220
0000000001,00:00:00,0000000001,   19.70,       230
0000000001,00:00:00,0000000001,   19.75,       160
0000000001,00:00:00,0000000001,   19.80,       100
0000000001,00:00:00,0000000001,   19.85,       150
0000000001,00:00:00,0000000001,   19.90,       170
0000000001,00:00:00,0000000001,   19.95,       100
0000000001,00:00:00,0000000001,   20.00,        90
0000000001,00:00:00,0000000001,   20.05,       210
0000000001,00:00:00,0000000001,   20.10,       100
0000000001,00:00:00,0000000001,   20.15,        90
0000000001,00:00:00,0000000001,   20.20,       160
0000000001,00:00:00,0000000001,   20.25,       130
0000000001,00:00:00,0000000001,   20.30,       170
0000000001,00:00:00,0000000001,   20.35,       150
0000000001,00:00:00,0000000001,   20.40,       110
0000000001,00:00:00,0000000001,   20.45,       100
0000000001,00:00:00,0000000001,   20.50,        90
0000000001,00:00:00,0000000001,   20.55,        90
0000000001,00:00:00,0000000001,   20.60,       120
0000000001,00:00:00,0000000001,   20.65,        70
0000000001,00:00:00,0000000001,   20.70,       120
0000000001,00:00:00,0000000001,   20.75,       110
0000000001,00:00:00,0000000001,   20.80,       130
0000000001,00:00:00,0000000001,   20.85,        80
0000000001,00:00:00,0000000001,   20.90,       110
0000000001,00:00:00,0000000001,   20.95,       190
0000000001,00:00:00,0000000001,   21.00,       100
0000000001,00:00:00,0000000001,   21.05,       120
0000000001,00:00:00,0000000001,   21.10,       110
0000000001,00:00:00,0000000001,   21.15,       130
0000000001,00:00:00,0000000001,   21.20,       170
0000000001,00:00:00,0000000001,   21.25,       140
0000000001,00:00:00,0000000001,   21.30,       120
0000000001,00:00:00,0000000001,   21.35,       210
0000000001,00:00:00,0000000001,   21.40,       100
0000000001,00:00:00,0000000001,   21.45,       100
0000000001,00:00:00,0000000001,   21.50,       160
0000000001,00:00:00,0000000001,   21.55,        80
0000000001,00:00:00,0000000001,   21.60,       130
0000000001,00:00:00,0000000001,   21.65,       120
0000000001,00:00:00,0000000001,   21.70,        90
0000000001,00:00:00,0000000001,   21.75,       120
0000000001,00:00:00,0000000001,   21.80,       110
0000000001,00:00:00,0000000001,   21.85,        80
0000000001,00:00:00,0000000001,   21.90,        50
0000000001,00:00:00,0000000001,   21.95,       100
0000000001,00:00:00,0000000001,   22.00,       150
0000000001,00:00:00,0000000001,   22.05,        90
0000000001,00:00:00,0000000001,   22.10,       120
0000000001,00:00:00,0000000001,   22.15,        70
0000000001,00:00:00,0000000001,   22.20,       160
0000000001,00:00:00,0000000001,   22.25,       150
0000000001,00:00:00,0000000001,   22.30,       140
0000000001,00:00:00,0000000001,   22.35,        50
0000000001,00:00:00,0000000001,   22.40,        50
0000000001,00:00:00,0000000001,   22.45,       100
0000000001,00:00:00,0000000001,   22.50,        90
0000000001,00:00:00,0000000001,   22.55,       210
0000000001,00:00:00,0000000001,   22.60,        80
0000000001,00:00:00,0000000001,   22.65,        90
0000000001,00:00:00,0000000001,   22.70,        20
0000000001,00:00:00,0000000001,   22.75,        70
0000000001,00:00:00,0000000001,   22.80,       140
0000000001,00:00:00,0000000001,   22.85,       100
0000000001,00:00:00,0000000001,   22.90,       130
0000000001,00:00:00,0000000001,   22.95,        80
0000000001,00:00:00,0000000001,   23.00,        70
0000000001,00:00:00,0000000001,   23.05,       100
0000000001,00:00:00,0000000001,   23.10,       130
0000000001,00:00:00,0000000001,   23.15,       120
0000000001,00:00:00,0000000001,   23.20,        90
0000000001,00:00:00,0000000001,   23.25,        70
0000000001,00:00:00,0000000001,   23.30,       100
0000000001,00:00:00,0000000001,   23.35,       180
0000000001,00:00:00,0000000001,   23.40,       100
0000000001,00:00:00,0000000001,   23.45,       110
0000000001,00:00:00,0000000001,   23.50,        90
0000000001,00:00:00,0000000001,   23.55,       120
0000000001,00:00:00,0000000001,   23.60,        80
0000000001,00:00:00,0000000001,   23.65,        90
0000000001,00:00:00,0000000001,   23.70,       160
0000000001,00:00:00,0000000001,   23.75,       110
0000000001,00:00:00,0000000001,   23.80,       130
0000000001,00:00:00,0000000001,   23.85,       110
0000000001,00:00:00,0000000001,   23.90,       120
0000000001,00:00:00,0000000001,   23.95,       110
0000000001,00:00:00,0000000001,   24.00,        90
0000000001,00:00:00,0000000001,   24.05,       100
0000000001,00:00:00,0000000001,   24.10,       100
0000000001,00:00:00,0000000001,   24.15,       120
0000000001,00:00:00,0000000001,   24.20,        70
0000000001,00:00:00,0000000001,   24.25,       100
0000000001,00:00:00,0000000001,   24.30,        70
0000000001,00:00:00,0000000001,   24.35,       140
0000000001,00:00:00,0000000001,   24.40,        60
0000000001,00:00:00,0000000001,   24.45,       130
0000000001,00:00:00,0000000001,   24.50,        80
0000000001,00:00:00,0000000001,   24.55,       100
0000000001,00:00:00,0000000001,   24.60,        90
0000000001,00:00:00,0000000001,   24.65,        80
0000000001,00:00:00,0000000001,   24.70,       120
0000000001,00:00:00,0000000001,   24.75,        70
0000000001,00:00:00,0000000001,   24.80,       140
0000000001,00:00:00,0000000001,   24.85,       100
0000000001,00:00:00,0000000001,   24.90,        20
0000000001,00:00:00,0000000001,   24.95,        50
0000000001,00:00:00,0000000001,   25.00,       110
0000000001,00:00:00,0000000001,   25.05,       110
0000000001,00:00:00,0000000001,   25.10,        90
0000000001,00:00:00,0000000001,   25.15,        70
0000000001,00:00:00,0000000001,   25.20,        90
0000000001,00:00:00,0000000001,   25.25,       100
0000000001,00:00:00,0000000001,   25.30,        90
0000000001,00:00:00,0000000001,   25.35,        60
0000000001,00:00:00,0000000001,   25.40,       180
0000000001,00:00:00,0000000001,   25.45,       130
0000000001,00:00:00,0000000001,   25.50,       130
0000000001,00:00:00,0000000001,   25.55,       180
0000000001,00:00:00,0000000001,   25.60,       210
0000000001,00:00:00,0000000001,   25.65,       260
0000000001,00:00:00,0000000001,   25.70,       180
0000000001,00:00:00,0000000001,   25.75,       210
0000000001,00:00:00,0000000001,   25.80,       190
0000000001,00:00:00,0000000001,   25.85,       190
0000000001,00:00:00,0000000001,   25.90,       250
0000000001,00:00:00,0000000001,   25.95,       310
0000000001,00:00:00,0000000001,   26.00,       390
0000000001,00:00:00,0000000001,   26.05,       250
0000000001,00:00:00,0000000001,   26.10,       340
0000000001,00:00:00,0000000001,   26.15,       340
0000000001,00:00:00,0000000001,   26.20,       290
0000000001,00:00:00,0000000001,   26.25,       340
0000000001,00:00:00,0000000001,   26.30,       340
0000000001,00:00:00,0000000001,   26.35,       430
0000000001,00:00:00,0000000001,   26.40,       470
0000000001,00:00:00,0000000001,   26.45,       720
0000000001,00:00:00,0000000001,   26.50,       790
0000000001,00:00:00,0000000001,   26.55,       860
0000000001,00:00:00,0000000001,   26.60,      1170
0000000001,00:00:00,0000000001,   26.65,      1060
0000000001,00:00:00,0000000001,   26.70,      1440
0000000001,00:00:00,0000000001,   26.75,      1730
0000000001,00:00:00,0000000001,   26.80,      1600
0000000001,00:00:00,0000000001,   26.85,      2130
0000000001,00:00:00,0000000001,   26.90,      2510
0000000001,00:00:00,0000000001,   26.95,      2940
0000000001,00:00:00,0000000001,   27.00,      3370
0000000001,00:00:00,0000000001,   27.05,      3960
0000000001,00:00:00,0000000001,   27.10,      5060
0000000001,00:00:00,0000000001,   27.15,      5540
0000000001,00:00:00,0000000001,   27.20,      8540
0000000001,00:00:00,0000000001,   27.25,     10330
0000000001,00:00:00,0000000001,   27.30,     20030
0000000001,00:00:00,0000000001,   27.35,     38570
0000000001,00:00:00,0000000001,   27.40,     71420
0000000001,00:00:00,0000000001,   27.45,    119380
0000000001,00:00:00,0000000001,   27.50,    142040
0000000001,00:00:00,0000000001,   27.55,    163750
0000000001,00:00:00,0000000001,   27.60,    173010
0000000001,00:00:00,0000000001,   27.65,    204230
0000000001,00:00:00,0000000001,   27.70,    217870
0000000001,00:00:00,0000000001,   27.75,    259200
0000000001,00:00:00,0000000001,   27.80,    287260
0000000001,00:00:00,0000000001,   27.85,    337800
0000000001,00:00:00,0000000001,   27.90,    366870
0000000001,00:00:00,0000000001,   27.95,    381470
0000000001,00:00:00,0000000001,   28.00,    393960
0000000001,00:00:00,0000000001,   28.05,    378520
0000000001,00:00:00,0000000001,   28.10,    386910
0000000001,00:00:00,0000000001,   28.15,    379600
0000000001,00:00:00,0000000001,   28.20,    436650
0000000001,00:00:00,0000000001,   28.25,    435740
0000000001,00:00:00,0000000001,   28.30,    478260
0000000001,00:00:00,0000000001,   28.35,    478470
0000000001,00:00:00,0000000001,   28.40,    529590
0000000001,00:00:00,0000000001,   28.45,    434640
0000000001,00:00:00,0000000001,   28.50,    402180
0000000001,00:00:00,0000000001,   28.55,    372950
0000000001,00:00:00,0000000001,   28.60,    434160
0000000001,00:00:00,0000000001,   28.65,    452640
0000000001,00:00:00,0000000001,   28.70,    508040
0000000001,00:00:00,0000000001,   28.75,    583480
0000000001,00:00:00,0000000001,   28.80,    643980
0000000001,00:00:00,0000000001,   28.85,    722620
0000000001,00:00:00,0000000001,   28.90,    786970
0000000001,00:00:00,0000000001,   28.95,    856830
0000000001,00:00:00,0000000001,   29.00,    870070
0000000001,00:00:00,0000000001,   29.05,    892200
0000000001,00:00:00,0000000001,   29.10,    862860
0000000001,00:00:00,0000000001,   29.15,    854280
0000000001,00:00:00,0000000001,   29.20,    882620
0000000001,00:00:00,0000000001,   29.25,    941380
0000000001,00:00:00,0000000001,   29.30,    959690
0000000001,00:00:00,0000000001,   29.35,    909980
0000000001,00:00:00,0000000001,   29.40,    878700
0000000001,00:00:00,0000000001,   29.45,    585600
0000000001,00:00:00,0000000001,   29.50,    268820
0000000001,00:00:00,0000000001,   29.55,     82500
0000000001,00:00:00,0000000001,   29.60,     34380
0000000001,00:00:00,0000000001,   29.65,     17510
0000000001,00:00:00,0000000001,   29.70,     11690
0000000001,00:00:00,0000000001,   29.75,     10280
0000000001,00:00:00,0000000001,   29.80,      9260
0000000001,00:00:00,0000000001,   29.85,     10250
0000000001,00:00:00,0000000001,   29.90,      9430
0000000001,00:00:00,0000000001,   29.95,     11670
0000000001,00:00:00,0000000001,   30.00,     10600
0000000002,00:01:01,0000061844,    0.40,      1700
0000000002,00:01:01,0000061844,    0.45,      2210
0000000002,00:01:01,0000061844,    0.50,      4020
0000000002,00:01:01,0000061844,    0.55,      7150
0000000002,00:01:01,0000061844,    0.60,     14750
0000000002,00:01:01,0000061844,    0.65,     29000
0000000002,00:01:01,0000061844,    0.70,     46270
0000000002,00:01:01,0000061844,    0.75,     59820
0000000002,00:01:01,0000061844,    0.80,     44110
0000000002,00:01:01,0000061844,    0.85,     55350
0000000002,00:01:01,0000061844,    0.90,    144470
0000000002,00:01:01,0000061844,    0.95,    247420
0000000002,00:01:01,0000061844,    1.00,    233690
0000000002,00:01:01,0000061844,    1.05,    201850
0000000002,00:01:01,0000061844,    1.10,    159820
0000000002,00:01:01,0000061844,    1.15,    184980
0000000002,00:01:01,0000061844,    1.20,    205090
0000000002,00:01:01,0000061844,    1.25,    288810
0000000002,00:01:01,0000061844,    1.30,    379430
0000000002,00:01:01,0000061844,    1.35,    546020
0000000002,00:01:01,0000061844,    1.40,    682850
0000000002,00:01:01,0000061844,    1.45,    804380
0000000002,00:01:01,0000061844,    1.50,    886820
0000000002,00:01:01,0000061844,    1.55,    958080
0000000002,00:01:01,0000061844,    1.60,    990100
0000000002,00:01:01,0000061844,    1.65,   1036100
0000000002,00:01:01,0000061844,    1.70,   1018290
0000000002,00:01:01,0000061844,    1.75,   1012090
0000000002,00:01:01,0000061844,    1.80,   1006590
0000000002,00:01:01,0000061844,    1.85,   1067080
0000000002,00:01:01,0000061844,    1.90,   1073220
0000000002,00:01:01,0000061844,    1.95,   1129480
0000000002,00:01:01,0000061844,    2.00,   1103620
0000000002,00:01:01,0000061844,    2.05,   1117200
0000000002,00:01:01,0000061844,    2.10,   1009820
0000000002,00:01:01,0000061844,    2.15,   1012720
0000000002,00:01:01,0000061844,    2.20,    604700
0000000002,00:01:01,0000061844,    2.25,    351310
0000000002,00:01:01,0000061844,    2.30,    339630
0000000002,00:01:01,0000061844,    2.35,    396340
0000000002,00:01:01,0000061844,    2.40,    419690
0000000002,00:01:01,0000061844,    2.45,    443800
0000000002,00:01:01,0000061844,    2.50,    443390
0000000002,00:01:01,0000061844,    2.55,    442800
0000000002,00:01:01,0000061844,    2.60,    426280
0000000002,00:01:01,0000061844,    2.65,    444700
0000000002,00:01:01,0000061844,    2.70,    465190
0000000002,00:01:01,0000061844,    2.75,    497080
0000000002,00:01:01,0000061844,    2.80,    529870
0000000002,00:01:01,0000061844,    2.85,    551250
0000000002,00:01:01,0000061844,    2.90,    545960
0000000002,00:01:01,0000061844,    2.95,    535320
0000000002,00:01:01,0000061844,    3.00,    541950
0000000002,00:01:01,0000061844,    3.05,    522080
0000000002,00:01:01,0000061844,    3.10,    495540
0000000002,00:01:01,0000061844,    3.15,    447220
0000000002,00:01:01,0000061844,    3.20,    316100
0000000002,00:01:01,0000061844,    3.25,     74480
0000000002,00:01:01,0000061844,    3.30,     22720
0000000002,00:01:01,0000061844,    3.35,      9010
0000000002,00:01:01,0000061844,    3.40,      4120
0000000002,00:01:01,0000061844,    3.45,      2020
0000000002,00:01:01,0000061844,    3.50,      1100
0000000002,00:01:01,0000061844,    3.55,       890
0000000002,00:01:01,0000061844,    3.60,       650
0000000002,00:01:01,0000061844,    3.65,       490
0000000002,00:01:01,0000061844,    3.70,       440
0000000002,00:01:01,0000061844,    3.75,       380
0000000002,00:01:01,0000061844,    3.80,       320
0000000002,00:01:01,0000061844,    3.85,       320
0000000002,00:01:01,0000061844,    3.90,       340
0000000002,00:01:01,0000061844,    3.95,       330
0000000002,00:01:01,0000061844,    4.00,       400
0000000002,00:01:01,0000061844,    4.05,       320
0000000002,00:01:01,0000061844,    4.10,       240
0000000002,00:01:01,0000061844,    4.15,       350
0000000002,00:01:01,0000061844,    4.20,       230
0000000002,00:01:01,0000061844,    4.25,       190
0000000002,00:01:01,0000061844,    4.30,        50
0000000002,00:01:01,0000061844,    4.35,       110
0000000002,00:01:01,0000061844,    4.40,        70
0000000002,00:01:01,0000061844,    4.45,       100
0000000002,00:01:01,0000061844,    4.50,        90
0000000002,00:01:01,0000061844,    4.55,        80
0000000002,00:01:01,0000061844,    4.60,       130
0000000002,00:01:01,0000061844,    4.65,        50
0000000002,00:01:01,0000061844,    4.70,        60
0000000002,00:01:01,0000061844,    4.75,       160
0000000002,00:01:01,0000061844,    4.80,        90
0000000002,00:01:01,0000061844,    4.85,        90
0000000002,00:01:01,0000061844,    4.90,        80
0000000002,00:01:01,0000061844,    4.95,       140
0000000002,00:01:01,0000061844,    5.00,       100
0000000002,00:01:01,0000061844,    5.05,       110
0000000002,00:01:01,0000061844,    5.10,        50
0000000002,00:01:01,0000061844,    5.15,       120
0000000002,00:01:01,0000061844,    5.20,       140
0000000002,00:01:01,0000061844,    5.25,       150
0000000002,00:01:01,0000061844,    5.30,        70
0000000002,00:01:01,0000061844,    5.35,        70
0000000002,00:01:01,0000061844,    5.40,       120
0000000002,00:01:01,0000061844,    5.45,       110
0000000002,00:01:01,0000061844,    5.50,        70
0000000002,00:01:01,0000061844,    5.55,       110
0000000002,00:01:01,0000061844,    5.60,        60
0000000002,00:01:01,0000061844,    5.65,       100
0000000002,00:01:01,0000061844,    5.70,       100
0000000002,00:01:01,0000061844,    5.75,        70
0000000002,00:01:01,0000061844,    5.80,       110
0000000002,00:01:01,0000061844,    5.85,       100
0000000002,00:01:01,0000061844,    5.90,       120
0000000002,00:01:01,0000061844,    5.95,       100
0000000002,00:01:01,0000061844,    6.00,        80
0000000002,00:01:01,0000061844,    6.05,       140
0000000002,00:01:01,0000061844,    6.10,       110
0000000002,00:01:01,0000061844,    6.15,       110
0000000002,00:01:01,0000061844,    6.20,       100
0000000002,00:01:01,0000061844,    6.25,       140
0000000002,00:01:01,0000061844,    6.30,        80
0000000002,00:01:01,0000061844,    6.35,       150
0000000002,00:01:01,0000061844,    6.40,        80
0000000002,00:01:01,0000061844,    6.45,       130
0000000002,00:01:01,0000061844,    6.50,       150
0000000002,00:01:01,0000061844,    6.55,       120
0000000002,00:01:01,0000061844,    6.60,       210
0000000002,00:01:01,0000061844,    6.65,       110
0000000002,00:01:01,0000061844,    6.70,       140
0000000002,00:01:01,0000061844,    6.75,        90
0000000002,00:01:01,0000061844,    6.80,       160
0000000002,00:01:01,0000061844,    6.85,       130
0000000002,00:01:01,0000061844,    6.90,       140
0000000002,00:01:01,0000061844,    6.95,       120
0000000002,00:01:01,0000061844,    7.00,        50
0000000002,00:01:01,0000061844,    7.05,        80
0000000002,00:01:01,0000061844,    7.10,       110
0000000002,00:01:01,0000061844,    7.15,       110
0000000002,00:01:01,0000061844,    7.20,        60
0000000002,00:01:01,0000061844,    7.25,        90
0000000002,00:01:01,0000061844,    7.30,       100
0000000002,00:01:01,0000061844,    7.35,        80
0000000002,00:01:01,0000061844,    7.40,       150
0000000002,00:01:01,0000061844,    7.45,        50
0000000002,00:01:01,0000061844,    7.50,       110
0000000002,00:01:01,0000061844,    7.55,        80
0000000002,00:01:01,0000061844,    7.60,       100
0000000002,00:01:01,0000061844,    7.65,       130
0000000002,00:01:01,0000061844,    7.70,       170
0000000002,00:01:01,0000061844,    7.75,       130
0000000002,00:01:01,0000061844,    7.80,        80
0000000002,00:01:01,0000061844,    7.85,       140
0000000002,00:01:01,0000061844,    7.90,        80
0000000002,00:01:01,0000061844,    7.95,       100
0000000002,00:01:01,0000061844,    8.00,        90
0000000002,00:01:01,0000061844,    8.05,       120
0000000002,00:01:01,0000061844,    8.10,       100
0000000002,00:01:01,0000061844,    8.15,       140
0000000002,00:01:01,0000061844,    8.20,       100
0000000002,00:01:01,0000061844,    8.25,       110
0000000002,00:01:01,0000061844,    8.30,        60
0000000002,00:01:01,0000061844,    8.35,        90
0000000002,00:01:01,0000061844,    8.40,       110
0000000002,00:01:01,0000061844,    8.45,       150
0000000002,00:01:01,0000061844,    8.50,       100
0000000002,00:01:01,0000061844,    8.55,       100
0000000002,00:01:01,0000061844,    8.60,       140
0000000002,00:01:01,0000061844,    8.65,       120
0000000002,00:01:01,0000061844,    8.70,       100
0000000002,00:01:01,0000061844,    8.75,        80
0000000002,00:01:01,0000061844,    8.80,        70
0000000002,00:01:01,0000061844,    8.85,        70
0000000002,00:01:01,0000061844,    8.90,       150
0000000002,00:01:01,0000061844,    8.95,        70
0000000002,00:01:01,0000061844,    9.00,       110
0000000002,00:01:01,0000061844,    9.05,        80
0000000002,00:01:01,0000061844,    9.10,       120
0000000002,00:01:01,0000061844,    9.15,        80
0000000002,00:01:01,0000061844,    9.20,        90
0000000002,00:01:01,0000061844,    9.25,        50
0000000002,00:01:01,0000061844,    9.30,       120
0000000002,00:01:01,0000061844,    9.35,        90
0000000002,00:01:01,0000061844,    9.40,       130
0000000002,00:01:01,0000061844,    9.45,       100
0000000002,00:01:01,0000061844,    9.50,        80
0000000002,00:01:01,0000061844,    9.55,        90
0000000002,00:01:01,0000061844,    9.60,        80
0000000002,00:01:01,0000061844,    9.65,        70
0000000002,00:01:01,0000061844,    9.70,       170
0000000002,00:01:01,0000061844,    9.75,        50
0000000002,00:01:01,0000061844,    9.80,       110
0000000002,00:01:01,0000061844,    9.85,       120
0000000002,00:01:01,0000061844,    9.90,        90
0000000002,00:01:01,0000061844,    9.95,       150
0000000002,00:01:01,0000061844,   10.00,       190
0000000002,00:01:01,0000061844,   10.05,        80
0000000002,00:01:01,0000061844,   10.10,        70
0000000002,00:01:01,0000061844,   10.15,       130
0000000002,00:01:01,0000061844,   10.20,       170
0000000002,00:01:01,0000061844,   10.25,       120
0000000002,00:01:01,0000061844,   10.30,       100
0000000002,00:01:01,0000061844,   10.35,        60
0000000002,00:01:01,0000061844,   10.40,       110
0000000002,00:01:01,0000061844,   10.45,       110
0000000002,00:01:01,0000061844,   10.50,        50
0000000002,00:01:01,0000061844,   10.55,        80
0000000002,00:01:01,0000061844,   10.60,       100
0000000002,00:01:01,0000061844,   10.65,       100
0000000002,00:01:01,0000061844,   10.70,        80
0000000002,00:01:01,0000061844,   10.75,       140
0000000002,00:01:01,0000061844,   10.80,        70
0000000002,00:01:01,0000061844,   10.85,        70
0000000002,00:01:01,0000061844,   10.90,       120
0000000002,00:01:01,0000061844,   10.95,       110
0000000002,00:01:01,0000061844,   11.00,       110
0000000002,00:01:01,0000061844,   11.05,        50
0000000002,00:01:01,0000061844,   11.10,        90
0000000002,00:01:01,0000061844,   11.15,       130
0000000002,00:01:01,0000061844,   11.20,       120
0000000002,00:01:01,0000061844,   11.25,       110
0000000002,00:01:01,0000061844,   11.30,       140
0000000002,00:01:01,0000061844,   11.35,       150
0000000002,00:01:01,0000061844,   11.40,       160
0000000002,00:01:01,0000061844,   11.45,       110
0000000002,00:01:01,0000061844,   11.50,        80
0000000002,00:01:01,0000061844,   11.55,       150
0000000002,00:01:01,0000061844,   11.60,       100
0000000002,00:01:01,0000061844,   11.65,       130
0000000002,00:01:01,0000061844,   11.70,        80
0000000002,00:01:01,0000061844,   11.75,       140
0000000002,00:01:01,0000061844,   11.80,       110
0000000002,00:01:01,0000061844,   11.85,       130
0000000002,00:01:01,0000061844,   11.90,       100
0000000002,00:01:01,0000061844,   11.95,       190
0000000002,00:01:01,0000061844,   12.00,       210
0000000002,00:01:01,0000061844,   12.05,       100
0000000002,00:01:01,0000061844,   12.10,       180
0000000002,00:01:01,0000061844,   12.15,       150
0000000002,00:01:01,0000061844,   12.20,       100
0000000002,00:01:01,0000061844,   12.25,       140
0000000002,00:01:01,0000061844,   12.30,       150
0000000002,00:01:01,0000061844,   12.35,       130
0000000002,00:01:01,0000061844,   12.40,       190
0000000002,00:01:01,0000061844,   12.45,       180
0000000002,00:01:01,0000061844,   12.50,       180
0000000002,00:01:01,0000061844,   12.55,       190
0000000002,00:01:01,0000061844,   12.60,       150
0000000002,00:01:01,0000061844,   12.65,       150
0000000002,00:01:01,0000061844,   12.70,       130
0000000002,00:01:01,0000061844,   12.75,       130
0000000002,00:01:01,0000061844,   12.80,       140
0000000002,00:01:01,0000061844,   12.85,       150
0000000002,00:01:01,0000061844,   12.90,       250
0000000002,00:01:01,0000061844,   12.95,       330
0000000002,00:01:01,0000061844,   13.00,       200
0000000002,00:01:01,0000061844,   13.05,       240
0000000002,00:01:01,0000061844,   13.10,       430
0000000002,00:01:01,0000061844,   13.15,       620
0000000002,00:01:01,0000061844,   13.20,       950
0000000002,00:01:01,0000061844,   13.25,      1280
0000000002,00:01:01,0000061844,   13.30,      1770
0000000002,00:01:01,0000061844,   13.35,      3370
0000000002,00:01:01,0000061844,   13.40,      6670
0000000002,00:01:01,0000061844,   13.45,      9380
0000000002,00:01:01,0000061844,   13.50,     12980
0000000002,00:01:01,0000061844,   13.55,     15930
0000000002,00:01:01,0000061844,   13.60,     18450
0000000002,00:01:01,0000061844,   13.65,     21640
0000000002,00:01:01,0000061844,   13.70,     23140
0000000002,00:01:01,0000061844,   13.75,     25990
0000000002,00:01:01,0000061844,   13.80,     26210
0000000002,00:01:01,0000061844,   13.85,     29920
0000000002,00:01:01,0000061844,   13.90,     30290
0000000002,00:01:01,0000061844,   13.95,     31250
0000000002,00:01:01,0000061844,   14.00,     31100
0000000002,00:01:01,0000061844,   14.05,     30360
0000000002,00:01:01,0000061844,   14.10,     32220
0000000002,00:01:01,0000061844,   14.15,     32460
0000000002,00:01:01,0000061844,   14.20,     30800
0000000002,00:01:01,0000061844,   14.25,     30960
0000000002,00:01:01,0000061844,   14.30,     27930
0000000002,00:01:01,0000061844,   14.35,     18590
0000000002,00:01:01,0000061844,   14.40,      8210
0000000002,00:01:01,0000061844,   14.45,      5160
0000000002,00:01:01,0000061844,   14.50,      5350
0000000002,00:01:01,0000061844,   14.55,      6280
0000000002,00:01:01,0000061844,   14.60,      7950
0000000002,00:01:01,0000061844,   14.65,      8950
0000000002,00:01:01,0000061844,   14.70,     10090
0000000002,00:01:01,0000061844,   14.75,      9780
0000000002,00:01:01,0000061844,   14.80,     11150
0000000002,00:01:01,0000061844,   14.85,     11140
0000000002,00:01:01,0000061844,   14.90,     12280
0000000002,00:01:01,0000061844,   14.95,     12530
0000000002,00:01:01,0000061844,   15.00,     12540
0000000002,00:01:01,0000061844,   15.05,     12560
0000000002,00:01:01,0000061844,   15.10,     12710
0000000002,00:01:01,0000061844,   15.15,     14330
0000000002,00:01:01,0000061844,   15.20,     14530
0000000002,00:01:01,0000061844,   15.25,     15040
0000000002,00:01:01,0000061844,   15.30,     16970
0000000002,00:01:01,0000061844,   15.35,     18140
0000000002,00:01:01,0000061844,   15.40,     21500
0000000002,00:01:01,0000061844,   15.45,     30670
0000000002,00:01:01,0000061844,   15.50,     44230
0000000002,00:01:01,0000061844,   15.55,     55540
0000000002,00:01:01,0000061844,   15.60,     69550
0000000002,00:01:01,0000061844,   15.65,     78320
0000000002,00:01:01,0000061844,   15.70,     93370
0000000002,00:01:01,0000061844,   15.75,     94680
0000000002,00:01:01,0000061844,   15.80,    108010
0000000002,00:01:01,0000061844,   15.85,    109190
0000000002,00:01:01,0000061844,   15.90,    120660
0000000002,00:01:01,0000061844,   15.95,    117460
0000000002,00:01:01,0000061844,   16.00,    126110
0000000002,00:01:01,0000061844,   16.05,    119220
0000000002,00:01:01,0000061844,   16.10,    128890
0000000002,00:01:01,0000061844,   16.15,    127170
0000000002,00:01:01,0000061844,   16.20,    138000
0000000002,00:01:01,0000061844,   16.25,    135400
0000000002,00:01:01,0000061844,   16.30,    148150
0000000002,00:01:01,0000061844,   16.35,    144990
0000000002,00:01:01,0000061844,   16.40,    146350
0000000002,00:01:01,0000061844,   16.45,    165100
0000000002,00:01:01,0000061844,   16.50,    221740
0000000002,00:01:01,0000061844,   16.55,    294910
0000000002,00:01:01,0000061844,   16.60,    367660
0000000002,00:01:01,0000061844,   16.65,    432490
0000000002,00:01:01,0000061844,   16.70,    497780
0000000002,00:01:01,0000061844,   16.75,    534600
0000000002,00:01:01,0000061844,   16.80,    577110
0000000002,00:01:01,0000061844,   16.85,    604310
0000000002,00:01:01,0000061844,   16.90,    621330
0000000002,00:01:01,0000061844,   16.95,    681330
0000000002,00:01:01,0000061844,   17.00,    657640
0000000002,00:01:01,0000061844,   17.05,    693770
0000000002,00:01:01,0000061844,   17.10,    657370
0000000002,00:01:01,0000061844,   17.15,    698620
0000000002,00:01:01,0000061844,   17.20,    660370
0000000002,00:01:01,0000061844,   17.25,    695550
0000000002,00:01:01,0000061844,   17.30,    655560
0000000002,00:01:01,0000061844,   17.35,    656390
0000000002,00:01:01,0000061844,   17.40,    498000
0000000002,00:01:01,0000061844,   17.45,    248760
0000000002,00:01:01,0000061844,   17.50,    122250
0000000002,00:01:01,0000061844,   17.55,     90730
0000000002,00:01:01,0000061844,   17.60,     92460
0000000002,00:01:01,0000061844,   17.65,    100210
0000000002,00:01:01,0000061844,   17.70,    114190
0000000002,00:01:01,0000061844,   17.75,    127420
0000000002,00:01:01,0000061844,   17.80,    137160
0000000002,00:01:01,0000061844,   17.85,    146110
0000000002,00:01:01,0000061844,   17.90,    152840
0000000002,00:01:01,0000061844,   17.95,    152190
0000000002,00:01:01,0000061844,   18.00,    163400
0000000002,00:01:01,0000061844,   18.05,    159740
0000000002,00:01:01,0000061844,   18.10,    169310
0000000002,00:01:01,0000061844,   18.15,    162710
0000000002,00:01:01,0000061844,   18.20,    169320
0000000002,00:01:01,0000061844,   18.25,    159150
0000000002,00:01:01,0000061844,   18.30,    159040
0000000002,00:01:01,0000061844,   18.35,    145680
0000000002,00:01:01,0000061844,   18.40,    124730
0000000002,00:01:01,0000061844,   18.45,     67980
0000000002,00:01:01,0000061844,   18.50,     29330
0000000002,00:01:01,0000061844,   18.55,     13690
0000000002,00:01:01,0000061844,   18.60,     11430
0000000002,00:01:01,0000061844,   18.65,      9200
0000000002,00:01:01,0000061844,   18.70,     10000
0000000002,00:01:01,0000061844,   18.75,     10140
0000000002,00:01:01,0000061844,   18.80,     11430
0000000002,00:01:01,0000061844,   18.85,     10550
0000000002,00:01:01,0000061844,   18.90,     11570
0000000002,00:01:01,0000061844,   18.95,     12580
0000000002,00:01:01,0000061844,   19.00,     12940
0000000002,00:01:01,0000061844,   19.05,     12790
0000000002,00:01:01,0000061844,   19.10,     13330
0000000002,00:01:01,0000061844,   19.15,     12590
0000000002,00:01:01,0000061844,   19.20,     12810
0000000002,00:01:01,0000061844,   19.25,     12900
0000000002,00:01:01,0000061844,   19.30,     13060
0000000002,00:01:01,0000061844,   19.35,     11940
0000000002,00:01:01,0000061844,   19.40,      8610
0000000002,00:01:01,0000061844,   19.45,      4360
0000000002,00:01:01,0000061844,   19.50,      1590
0000000002,00:01:01,0000061844,   19.55,       800
0000000002,00:01:01,0000061844,   19.60,       480
0000000002,00:01:01,0000061844,   19.65,       250
0000000002,00:01:01,0000061844,   19.70,       230
0000000002,00:01:01,0000061844,   19.75,        80
0000000002,00:01:01,0000061844,   19.80,       150
0000000002,00:01:01,0000061844,   19.85,       240
0000000002,00:01:01,0000061844,   19.90,       140
0000000002,00:01:01,0000061844,   19.95,       170
0000000002,00:01:01,0000061844,   20.00,       120
0000000002,00:01:01,0000061844,   20.05,       140
0000000002,00:01:01,0000061844,   20.10,       110
0000000002,00:01:01,0000061844,   20.15,       140
0000000002,00:01:01,0000061844,   20.20,       220
0000000002,00:01:01,0000061844,   20.25,       210
0000000002,00:01:01,0000061844,   20.30,       180
0000000002,00:01:01,0000061844,   20.35,       110
0000000002,00:01:01,0000061844,   20.40,       140
0000000002,00:01:01,0000061844,   20.45,       180
0000000002,00:01:01,0000061844,   20.50,       130
0000000002,00:01:01,0000061844,   20.55,        80
0000000002,00:01:01,0000061844,   20.60,       110
0000000002,00:01:01,0000061844,   20.65,        60
0000000002,00:01:01,0000061844,   20.70,       140
0000000002,00:01:01,0000061844,   20.75,       100
0000000002,00:01:01,0000061844,   20.80,       120
0000000002,00:01:01,0000061844,   20.85,        60
0000000002,00:01:01,0000061844,   20.90,       170
0000000002,00:01:01,0000061844,   20.95,       130
0000000002,00:01:01,0000061844,   21.00,       200
0000000002,00:01:01,0000061844,   21.05,       130
0000000002,00:01:01,0000061844,   21.10,       130
0000000002,00:01:01,0000061844,   21.15,       140
0000000002,00:01:01,0000061844,   21.20,       130
0000000002,00:01:01,0000061844,   21.25,       100
0000000002,00:01:01,0000061844,   21.30,       150
0000000002,00:01:01,0000061844,   21.35,       160
0000000002,00:01:01,0000061844,   21.40,       160
0000000002,00:01:01,0000061844,   21.45,        90
0000000002,00:01:01,0000061844,   21.50,        90
0000000002,00:01:01,0000061844,   21.55,       110
0000000002,00:01:01,0000061844,   21.60,       130
0000000002,00:01:01,0000061844,   21.65,       170
0000000002,00:01:01,0000061844,   21.70,       100
0000000002,00:01:01,0000061844,   21.75,       160
0000000002,00:01:01,0000061844,   21.80,       100
0000000002,00:01:01,0000061844,   21.85,        90
0000000002,00:01:01,0000061844,   21.90,       110
0000000002,00:01:01,0000061844,   21.95,       130
0000000002,00:01:01,0000061844,   22.00,        80
0000000002,00:01:01,0000061844,   22.05,       160
0000000002,00:01:01,0000061844,   22.10,        90
0000000002,00:01:01,0000061844,   22.15,       110
0000000002,00:01:01,0000061844,   22.20,       130
0000000002,00:01:01,0000061844,   22.25,       100
0000000002,00:01:01,0000061844,   22.30,       110
0000000002,00:01:01,0000061844,   22.35,        90
0000000002,00:01:01,0000061844,   22.40,       120
0000000002,00:01:01,0000061844,   22.45,       180
0000000002,00:01:01,0000061844,   22.50,        70
0000000002,00:01:01,0000061844,   22.55,       120
0000000002,00:01:01,0000061844,   22.60,        40
0000000002,00:01:01,0000061844,   22.65,        30
0000000002,00:01:01,0000061844,   22.70,       110
0000000002,00:01:01,0000061844,   22.75,        70
0000000002,00:01:01,0000061844,   22.80,        70
0000000002,00:01:01,0000061844,   22.85,       100
0000000002,00:01:01,0000061844,   22.90,       120
0000000002,00:01:01,0000061844,   22.95,        70
0000000002,00:01:01,0000061844,   23.00,       110
0000000002,00:01:01,0000061844,   23.05,        60
0000000002,00:01:01,0000061844,   23.10,       170
0000000002,00:01:01,0000061844,   23.15,       100
0000000002,00:01:01,0000061844,   23.20,        60
0000000002,00:01:01,0000061844,   23.25,        60
0000000002,00:01:01,0000061844,   23.30,       110
0000000002,00:01:01,0000061844,   23.35,       110
0000000002,00:01:01,0000061844,   23.40,       100
0000000002,00:01:01,0000061844,   23.45,       110
0000000002,00:01:01,0000061844,   23.50,        50
0000000002,00:01:01,0000061844,   23.55,       180
0000000002,00:01:01,0000061844,   23.60,        70
0000000002,00:01:01,0000061844,   23.65,       110
0000000002,00:01:01,0000061844,   23.70,        60
0000000002,00:01:01,0000061844,   23.75,       160
0000000002,00:01:01,0000061844,   23.80,       120
0000000002,00:01:01,0000061844,   23.85,       100
0000000002,00:01:01,0000061844,   23.90,        80
0000000002,00:01:01,0000061844,   23.95,       120
0000000002,00:01:01,0000061844,   24.00,        80
0000000002,00:01:01,0000061844,   24.05,        80
0000000002,00:01:01,0000061844,   24.10,       100
0000000002,00:01:01,0000061844,   24.15,       170
0000000002,00:01:01,0000061844,   24.20,       120
0000000002,00:01:01,0000061844,   24.25,        40
0000000002,00:01:01,0000061844,   24.30,        80
0000000002,00:01:01,0000061844,   24.35,        70
0000000002,00:01:01,0000061844,   24.40,       140
0000000002,00:01:01,0000061844,   24.45,       120
0000000002,00:01:01,0000061844,   24.50,        90
0000000002,00:01:01,0000061844,   24.55,       130
0000000002,00:01:01,0000061844,   24.60,       100
0000000002,00:01:01,0000061844,   24.65,       130
0000000002,00:01:01,0000061844,   24.70,       140
0000000002,00:01:01,0000061844,   24.75,       200
0000000002,00:01:01,0000061844,   24.80,       120
0000000002,00:01:01,0000061844,   24.85,       110
0000000002,00:01:01,0000061844,   24.90,       130
0000000002,00:01:01,0000061844,   24.95,       110
0000000002,00:01:01,0000061844,   25.00,       100
0000000002,00:01:01,0000061844,   25.05,        90
0000000002,00:01:01,0000061844,   25.10,       180
0000000002,00:01:01,0000061844,   25.15,       120
0000000002,00:01:01,0000061844,   25.20,       170
0000000002,00:01:01,0000061844,   25.25,       100
0000000002,00:01:01,0000061844,   25.30,       130
0000000002,00:01:01,0000061844,   25.35,        90
0000000002,00:01:01,0000061844,   25.40,       100
0000000002,00:01:01,0000061844,   25.45,       130
0000000002,00:01:01,0000061844,   25.50,       160
0000000002,00:01:01,0000061844,   25.55,       190
0000000002,00:01:01,0000061844,   25.60,       130
0000000002,00:01:01,0000061844,   25.65,       140
0000000002,00:01:01,0000061844,   25.70,       210
0000000002,00:01:01,0000061844,   25.75,       100
0000000002,00:01:01,0000061844,   25.80,       280
0000000002,00:01:01,0000061844,   25.85,       160
0000000002,00:01:01,0000061844,   25.90,       270
0000000002,00:01:01,0000061844,   25.95,       190
0000000002,00:01:01,0000061844,   26.00,       280
0000000002,00:01:01,0000061844,   26.05,       310
0000000002,00:01:01,0000061844,   26.10,       220
0000000002,00:01:01,0000061844,   26.15,       240
0000000002,00:01:01,0000061844,   26.20,       330
0000000002,00:01:01,0000061844,   26.25,       330
0000000002,00:01:01,0000061844,   26.30,       280
0000000002,00:01:01,0000061844,   26.35,       430
0000000002,00:01:01,0000061844,   26.40,       800
0000000002,00:01:01,0000061844,   26.45,       780
0000000002,00:01:01,0000061844,   26.50,       820
0000000002,00:01:01,0000061844,   26.55,      1040
0000000002,00:01:01,0000061844,   26.60,      1030
0000000002,00:01:01,0000061844,   26.65,      1300
0000000002,00:01:01,0000061844,   26.70,      1500
0000000002,00:01:01,0000061844,   26.75,      2000
0000000002,00:01:01,0000061844,   26.80,      1880
0000000002,00:01:01,0000061844,   26.85,      2700
0000000002,00:01:01,0000061844,   26.90,      2430
0000000002,00:01:01,0000061844,   26.95,      3520
0000000002,00:01:01,0000061844,   27.00,      3310
0000000002,00:01:01,0000061844,   27.05,      4350
0000000002,00:01:01,0000061844,   27.10,      4540
0000000002,00:01:01,0000061844,   27.15,      6820
0000000002,00:01:01,0000061844,   27.20,      8020
0000000002,00:01:01,0000061844,   27.25,     13760
0000000002,00:01:01,0000061844,   27.30,     18840
0000000002,00:01:01,0000061844,   27.35,     43800
0000000002,00:01:01,0000061844,   27.40,     76200
0000000002,00:01:01,0000061844,   27.45,    122590
0000000002,00:01:01,0000061844,   27.50,    142820
0000000002,00:01:01,0000061844,   27.55,    173910
0000000002,00:01:01,0000061844,   27.60,    181630
0000000002,00:01:01,0000061844,   27.65,    213380
0000000002,00:01:01,0000061844,   27.70,    236860
0000000002,00:01:01,0000061844,   27.75,    272550
0000000002,00:01:01,0000061844,   27.80,    312960
0000000002,00:01:01,0000061844,   27.85,    352970
0000000002,00:01:01,0000061844,   27.90,    386900
0000000002,00:01:01,0000061844,   27.95,    395880
0000000002,00:01:01,0000061844,   28.00,    423160
0000000002,00:01:01,0000061844,   28.05,    398690
0000000002,00:01:01,0000061844,   28.10,    422660
0000000002,00:01:01,0000061844,   28.15,    413040
0000000002,00:01:01,0000061844,   28.20,    454120
0000000002,00:01:01,0000061844,   28.25,    490830
0000000002,00:01:01,0000061844,   28.30,    480910
0000000002,00:01:01,0000061844,   28.35,    529170
0000000002,00:01:01,0000061844,   28.40,    555230
0000000002,00:01:01,0000061844,   28.45,    466330
0000000002,00:01:01,0000061844,   28.50,    420240
0000000002,00:01:01,0000061844,   28.55,    413410
0000000002,00:01:01,0000061844,   28.60,    439200
0000000002,00:01:01,0000061844,   28.65,    491960
0000000002,00:01:01,0000061844,   28.70,    524810
0000000002,00:01:01,0000061844,   28.75,    600870
0000000002,00:01:01,0000061844,   28.80,    688170
0000000002,00:01:01,0000061844,   28.85,    757910
0000000002,00:01:01,0000061844,   28.90,    839540
0000000002,00:01:01,0000061844,   28.95,    905930
0000000002,00:01:01,0000061844,   29.00,    933680
0000000002,00:01:01,0000061844,   29.05,    938740
0000000002,00:01:01,0000061844,   29.10,    919560
0000000002,00:01:01,0000061844,   29.15,    910070
0000000002,00:01:01,0000061844,   29.20,    954190
0000000002,00:01:01,0000061844,   29.25,   1005070
0000000002,00:01:01,0000061844,   29.30,   1033690
0000000002,00:01:01,0000061844,   29.35,    967790
0000000002,00:01:01,0000061844,   29.40,    945220
0000000002,00:01:01,0000061844,   29.45,    635170
0000000002,00:01:01,0000061844,   29.50,    279100
0000000002,00:01:01,0000061844,   29.55,     85860
0000000002,00:01:01,0000061844,   29.60,     36240
0000000002,00:01:01,0000061844,   29.65,     18020
0000000002,00:01:01,0000061844,   29.70,     12920
0000000002,00:01:01,0000061844,   29.75,     10260
0000000002,00:01:01,0000061844,   29.80,     10570
0000000002,00:01:01,0000061844,   29.85,      9320
0000000002,00:01:01,0000061844,   29.90,     10890
0000000002,00:01:01,0000061844,   29.95,     11840
0000000002,00:01:01,0000061844,   30.00,     11550
